"用户ID","关注次数"
"naoto.hamanaka","7"
"ayoub.kacimi6","4"
"felipemuller004","4"
"mhmd_______7","4"
"aimz0130301","4"
"kamilcia2411","4"
"73gt3d","3"
"abwkrjrdi02","3"
"allisonvanallain","3"
"angelmorris84","3"
"arealboyneedsarealname","3"
"astraea1961","3"
"aubree.esqueda","3"
"bankai.tv.net","3"
"bum.quack","3"
"carolineconrath","3"
"coiffeur752","3"
"cyf8r","3"
"d1eg0l8","3"
"dcm2793","3"
"dy3ewbe9ycpv","3"
"evbebdnebebebebeb","3"
"hello133211","3"
"i495900","3"
"inescovis1","3"
"ingh060","3"
"iq.dr1","3"
"isabezlh6hn","3"
"jjourneyluke","3"
"johannesbernstein","3"
"jorgef.camposn","3"
"karloxyz","3"
"martafrebelo_","3"
"martinnikolov267","3"
"je.taime410","3"
"monos04","3"
"nadiav844","3"
"nahuel.lafuente","3"
"687868tanir","3"
"nicolas.philippe3","3"
"pacosangria","3"
"peeeaaachh1","3"
"porselen_amumu","3"
"purplemelonnn","3"
"rammah.mosleh","3"
"raneemtareek","3"
"realbenbadu1","3"
"reit.ahin1","3"
"rizzlesworth.mcge","3"
"roseee11111111111","3"
"sam058870","3"
"sdfghxcgbb","3"
"sdgucxs","3"
"secretangerine99","3"
"selena53226","3"
"sexylauren2021","3"
"sgitrius__","3"
"sportfit.us","3"
"tao11241","3"
"tirdad.vala","3"
"tylers8707","3"
"user1618319653439","3"
"user16601485066754","3"
"user45179742","3"
"user9791038539146","3"
"whitneywiley_","3"
"xalajoker3","3"
"y2cool4u92","3"
"yangzhim","3"
